AA,Codon ,Frequency.1000,tRNA binding ,,,,,,,
Phe,TTT,16.9,Weak,,,,,,,
Phe,TTC,20.4,Weak,,,,,,,
Leu,TTA,7.2,Weak,,,,,,,
Leu,TTG,12.6,Weak,,,,,,,
Tyr,TAT,12,Weak,,,,,,,
Tyr,TAC,15.6,Weak,,,,,,,
Stp,TAA,0.7,Weak,,,,,,,
Stp,TAG,0.5,Weak,,,,,,,
Leu,CTT,12.8,Int,,,,,,,
Leu,CTC,19.4,Int,,,,,,,
Leu,CTA,6.9,Int,,,,,,,
Leu,CTG,40.3,Int,,,,,,,
His,CAT,10.4,Int,,,,,,,
His,CAC,14.9,Int,,,,,,,
Gln,CAA,11.8,Int,,,,,,,
Gln,CAG,34.6,Int,,,,,,,
Ile,ATT,15.7,Weak,,,,,,,
Ile,ATC,21.4,Weak,,,,,,,
Ile,ATA,7.1,Weak,,,,,,,
Met,ATG,22.3,Weak,,,,,,,
Asn,AAT,16.7,Weak,,,,,,,
Asn,AAC,19.5,Weak,,,,,,,
Lys,AAA,24,Weak,,,,,,,
Lys,AAG,32.9,Weak,,,,,,,
Val,GTT,10.9,Int,,,,,,,
Val,GTC,14.6,Int,,,,,,,
Val,GTA,7,Int,,,,,,,
Val,GTG,28.9,Int,,,,,,,
Asp,GAT,22.3,Int,,,,,,,
Asp,GAC,26,Int,,,,,,,
Glu,GAA,29,Int,,,,,,,
Glu,GAG,40.8,Int,,,,,,,
Ser,TCT,14.6,Int,,,,,,,
Ser,TCC,17.4,Int,,,,,,,
Ser,TCA,11.7,Int,,,,,,,
Ser,TCG,4.5,Int,,,,,,,
Cys,TGT,9.9,Int,,,,,,,
Cys,TGC,12.2,Int,,,,,,,
Stp,TGA,1.3,Int,,,,,,,
Trp,TGG,12.8,Int,,,,,,,
Pro,CCT,17.3,Strong,,,,,,,
Pro,CCC,20,Strong,,,,,,,
Pro,CCA,16.7,Strong,,,,,,,
Pro,CCG,7,Strong,,,,,,,
Arg,CGT,4.7,Strong,,,,,,,
Arg,CGC,10.9,Strong,,,,,,,
Arg,CGA,6.3,Strong,,,,,,,
Arg,CGG,11.9,Strong,,,,,,,
Thr,ACT,12.8,Int,,,,,,,
Thr,ACC,19.2,Int,,,,,,,
Thr,ACA,14.8,Int,,,,,,,
Thr,ACG,6.2,Int,,,,,,,
Ser,AGT,11.9,Int,,,,,,,
Ser,AGC,19.4,Int,,,,,,,
Arg,AGA,11.5,Int,,,,,,,
Arg,AGG,11.4,Int,,,,,,,
Ala,GCT,18.6,Strong,,,,,,,
Ala,GCC,28.5,Strong,,,,,,,
Ala,GCA,16,Strong,,,,,,,
Ala,GCG,7.6,Strong,,,,,,,
Gly,GGT,10.8,Strong,,,,,,,
Gly,GGC,22.8,Strong,,,,,,,
Gly,GGA,16.3,Strong,,,,,,,
Gly,GGG,16.4,Strong,,,,,,,
